href,text
https://www.facebook.com/AntarmanCentre,
https://antarman.goadoctor.co.in/cdn-cgi/l/email-protection#a2c3ccd6c3d0cfc3cc8cc5cdc3e2c5cfc3cbce8cc1cdcf,
https://antarman.goadoctor.co.in/,Home
https://antarman.goadoctor.co.in/about.html,About
https://antarman.goadoctor.co.in/activities.html,Activities
https://antarman.goadoctor.co.in/blog.html,Blog
https://antarman.goadoctor.co.in/interns-2019.html,Interns 2019
https://antarman.goadoctor.co.in/saumitranemlekar.html,Saumitra Nemlekar
https://antarman.goadoctor.co.in/meischacholera.html,Meischa Cholera
https://antarman.goadoctor.co.in/ravindraagrawal.html,Ravindra Agrawal
https://antarman.goadoctor.co.in/internship1.html,Internship
https://antarman.goadoctor.co.in/fee-schedule.html,Fee Schedule
https://antarman.goadoctor.co.in/fee-schedule-2023.html,Fee Schedule 2023
https://antarman.goadoctor.co.in/appointment-request.html,Appointment Request
https://antarman.goadoctor.co.in/we-are-available-online.html,WE ARE AVAILABLE ONLINE
https://antarman.goadoctor.co.in/consultation-fees-dr-ravindra-agrawal.html,Consultation fees Dr Ravindra Agrawal
https://antarman.goadoctor.co.in/media--antarman.html,Media & Antarman
https://antarman.goadoctor.co.in/feedback.html,Feedback
https://antarman.goadoctor.co.in/contact-us.html,Contact us
https://antarman.goadoctor.co.in/cdn-cgi/l/email-protection,[email protected]
https://antarman.goadoctor.co.in/ravindra-agrawal.html,Visit Profile
mailto:antarman.goa@gmail.com,
#,more...
https://antarman.goadoctor.co.in/samina-khan.html,​click for more details
https://antarman.goadoctor.co.in/uploads/2/4/8/1/24812392/apprenticeship-copy_orig.png,
https://antarman.goadoctor.co.in/apprenticeship.html,click to know more
https://antarman.goadoctor.co.in/nitasha-borah.html,Visit Profile
https://antarman.goadoctor.co.in/samir-walavalkar.html,read more
https://antarman.goadoctor.co.in/sifti-bajwa.html,read more
https://antarman.goadoctor.co.in/kalpa-govekar.html,read more
https://antarman.goadoctor.co.in/sharika.html,read more
https://antarman.goadoctor.co.in/preetha-mathew.html,read more
https://antarman.goadoctor.co.in/tanushri-sharma.html,
https://antarman.goadoctor.co.in/richelle-carvalho.html,read more
https://antarman.goadoctor.co.in/elsa-da-costa.html,read more
https://antarman.goadoctor.co.in/mita-mujumdar.html,​read more
https://antarman.goadoctor.co.in/meischa-cholera.html,VISIT PROFILE
https://antarman.goadoctor.co.in/nisha-carvalho-costa.html,Nisha Carvalho Costa
https://antarman.goadoctor.co.in/madhura-joshi.html,
https://antarman.goadoctor.co.in/shama-keny.html,read more
https://antarman.goadoctor.co.in/akshada-amonkar.html,read more
http://www.hitwebcounter.com,Find IP
https://antarman.goadoctor.co.in/store/checkout?cart=,Checkout
https://www.weebly.com/signup?utm_source=internal&utm_medium=footer,Powered byCreate your own unique website with customizable templates.Get Started
https://antarman.goadoctor.co.in/cdn-cgi/l/email-protection#c8a9a6bca9baa5a9a6e6afa7a988afa5a9a1a4e6aba7a5,
javascript:;,call us on :   70-28 78 48-07 ( Panaji)
https://www.weebly.com/signup?utm_source=internal=footer,Powered byCreate your own unique website with customizable templates.Get Started
https://antarman.goadoctor.co.in/cdn-cgi/l/email-protection#e0818e9481928d818ece878f81a0878d81898cce838f8d,
https://forms.gle/5stEzw2rr8hUr3mX8,REGISTER HERE
https://antarman.goadoctor.co.in/uploads/2/4/8/1/24812392/mindfulness-based-cbt-on-2nd-nov-2-5pm_orig.jpeg,
https://antarman.goadoctor.co.in/uploads/2/4/8/1/24812392/2_2_orig.jpeg,
https://antarman.goadoctor.co.in/uploads/2/4/8/1/24812392/3_3_orig.jpeg,
https://antarman.goadoctor.co.in/uploads/2/4/8/1/24812392/4_orig.jpeg,
https://antarman.goadoctor.co.in/uploads/2/4/8/1/24812392/6_orig.jpeg,
https://antarman.goadoctor.co.in/uploads/2/4/8/1/24812392/5_orig.jpeg,
https://antarman.goadoctor.co.in/uploads/2/4/8/1/24812392/1_2_orig.jpeg,
https://antarman.goadoctor.co.in/uploads/2/4/8/1/24812392/goa_mbct_workshop_2019.pdf,Download the presentation by PROF. ruth baer
https://antarman.goadoctor.co.in/uploads/2/4/8/1/24812392/ra-at-dental-college-01102019-2_orig.jpeg,
https://antarman.goadoctor.co.in/uploads/2/4/8/1/24812392/ra-at-dental-college-01102019-4_orig.jpeg,
https://antarman.goadoctor.co.in/uploads/2/4/8/1/24812392/ra-at-dental-college-01102019-5_orig.jpeg,
https://antarman.goadoctor.co.in/uploads/2/4/8/1/24812392/ra-at-dental-college-01102019-6_orig.jpeg,
https://antarman.goadoctor.co.in/uploads/2/4/8/1/24812392/distress_to_de-stress.pdf,download presentation by Dr Agrawal
https://antarman.goadoctor.co.in/uploads/2/4/8/1/24812392/1_7_orig.jpeg,
https://antarman.goadoctor.co.in/uploads/2/4/8/1/24812392/2_7_orig.jpeg,
https://antarman.goadoctor.co.in/uploads/2/4/8/1/24812392/3_8_orig.jpeg,
https://antarman.goadoctor.co.in/uploads/2/4/8/1/24812392/sharika-session-on-relationships1_orig.jpeg,
https://antarman.goadoctor.co.in/uploads/2/4/8/1/24812392/sharika-session-on-relationships2_orig.jpeg,
https://antarman.goadoctor.co.in/uploads/2/4/8/1/24812392/sifti-session-on-ta_orig.jpeg,
https://antarman.goadoctor.co.in/uploads/2/4/8/1/24812392/sifti-session-on-ta2_orig.jpeg,
https://antarman.goadoctor.co.in/uploads/2/4/8/1/24812392/ts-met1_orig.jpeg,
https://antarman.goadoctor.co.in/uploads/2/4/8/1/24812392/ts-met2_orig.jpeg,
https://antarman.goadoctor.co.in/uploads/2/4/8/1/24812392/whatsapp-image-2019-06-03-at-14-41-21_orig.jpeg,
https://antarman.goadoctor.co.in/uploads/2/4/8/1/24812392/whatsapp-image-2019-06-03-at-14-41-21-1_orig.jpeg,
https://antarman.goadoctor.co.in/uploads/2/4/8/1/24812392/whatsapp-image-2019-06-03-at-14-41-21-3_orig.jpeg,
https://antarman.goadoctor.co.in/uploads/2/4/8/1/24812392/whatsapp-image-2019-06-03-at-14-41-22_orig.jpeg,
https://antarman.goadoctor.co.in/uploads/2/4/8/1/24812392/poster_orig.png,
https://antarman.goadoctor.co.in/uploads/2/4/8/1/24812392/screen-shot-2017-06-24-at-7-42-36-pm_orig.png,
https://antarman.goadoctor.co.in/uploads/2/4/8/1/24812392/understanding_ld_-_part_1_-_written_language___language_of_print__visual_processing_.pdf,PART 1/5 - VISUAL PROCESSING
https://antarman.goadoctor.co.in/uploads/2/4/8/1/24812392/understanding_ld_-_part_2-_difficulty_in_reading.pdf,PART 2/5 - DIFFICULTY IN READING
https://antarman.goadoctor.co.in/uploads/2/4/8/1/24812392/understanding_ld_-_part_3_-_difficulties_with_oral_language.pdf,PART 3/5 - DIFF WITH ORAL LANGUAGE
https://antarman.goadoctor.co.in/uploads/2/4/8/1/24812392/understanding_ld_-_part_4-_mathematics.pdf,PART 4/5 - MATHEMATICS
https://antarman.goadoctor.co.in/uploads/2/4/8/1/24812392/understanding_ld_-_part_5_-_slow_learners.pdf,PART 5/5 - SLOW LEARNERS
https://antarman.goadoctor.co.in/uploads/2/4/8/1/24812392/adhd_in_the_community.pdf,MANAGEMENT OF ADHD IN THE COMMUNITY
https://antarman.goadoctor.co.in/uploads/2/4/8/1/24812392/medical_management_of_adhd.pdf,MEDICAL MANAGEMENT OF ADHD
https://antarman.goadoctor.co.in/uploads/2/4/8/1/24812392/indicators_for_specific_learning_disability.pdf,Indicators for Specific Learning Disability
https://antarman.goadoctor.co.in/uploads/2/4/8/1/24812392/indicators_for_concessions_recommendations.pdf,Indicators for Concessions/ Recommendations
https://antarman.goadoctor.co.in/uploads/2/4/8/1/24812392/table_of_concessions.pdf,Table of Concessions
https://antarman.goadoctor.co.in/uploads/2/4/8/1/24812392/checklist_for_math.pdf,Checklist for Math
https://antarman.goadoctor.co.in/uploads/2/4/8/1/24812392/9454492_orig.jpg,
https://antarman.goadoctor.co.in/cicp-pics.html,​Click here to see the pictures of the course.
https://antarman.goadoctor.co.in/counselling-in-clinical-practice.html,Counselling in clinical practice
https://antarman.goadoctor.co.in/public-lectures.html,public lectures
https://antarman.goadoctor.co.in/cdn-cgi/l/email-protection#ee8f809a8f9c838f80c089818fae89838f8782c08d8183,
https://antarman.goadoctor.co.in/blog/young-people-mental-health,Young People & Mental Health
https://antarman.goadoctor.co.in/blog/young-people-mental-health#comments,11 Comments
http://twitter.com/share?url=http://antarman.goadoctor.co.in/1/post/2019/03/young-people-mental-health.html,
https://antarman.goadoctor.co.in/blog/obsessive-compulsive-disorder,Obsessive Compulsive Disorder
https://antarman.goadoctor.co.in/blog/obsessive-compulsive-disorder#comments,2 Comments
http://twitter.com/share?url=http://antarman.goadoctor.co.in/1/post/2019/03/obsessive-compulsive-disorder.html,
https://antarman.goadoctor.co.in/blog/archives/03-2019,March 2019
https://antarman.goadoctor.co.in/blog/category/all,All
https://antarman.goadoctor.co.in/1/feed,RSS Feed
https://antarman.goadoctor.co.in/cdn-cgi/l/email-protection#7c1d12081d0e111d12521b131d3c1b111d1510521f1311,
https://antarman.goadoctor.co.in/interns-2019/internship-program-at-antaraman,Internship Program at Antaraman
https://antarman.goadoctor.co.in/interns-2019/internship-program-at-antaraman#comments,0 Comments
http://twitter.com/share?url=https://antarman.goadoctor.co.in/5/post/2019/10/internship-program-at-antaraman.html,
https://antarman.goadoctor.co.in/interns-2019/basics-of-psychodrama-sharika-e-pereira-fernandes,Basics of Psychodrama: Sharika Fernandes e Pereira
https://antarman.goadoctor.co.in/interns-2019/basics-of-psychodrama-sharika-e-pereira-fernandes#comments,0 Comments
http://twitter.com/share?url=https://antarman.goadoctor.co.in/5/post/2019/05/basics-of-psychodrama-sharika-e-pereira-fernandes.html,
https://antarman.goadoctor.co.in/interns-2019/therapeutic-relationships-nitasha-borah,Therapeutic Relationships: Nitasha Borah
https://antarman.goadoctor.co.in/interns-2019/therapeutic-relationships-nitasha-borah#comments,1 Comment
https://antarman.goadoctor.co.in/uploads/2/4/8/1/24812392/1_3_orig.jpeg,
https://antarman.goadoctor.co.in/uploads/2/4/8/1/24812392/2_3_orig.jpeg,
https://antarman.goadoctor.co.in/uploads/2/4/8/1/24812392/3_4_orig.jpeg,
http://twitter.com/share?url=https://antarman.goadoctor.co.in/5/post/2019/05/therapeutic-relationships-nitasha-borah.html,
https://antarman.goadoctor.co.in/interns-2019/suicide-prevention-aresh-naik,Suicide Prevention: Aresh Naik
https://antarman.goadoctor.co.in/interns-2019/suicide-prevention-aresh-naik#comments,1 Comment
https://antarman.goadoctor.co.in/uploads/2/4/8/1/24812392/1_6_orig.jpeg,
https://antarman.goadoctor.co.in/uploads/2/4/8/1/24812392/2_6_orig.jpeg,
https://antarman.goadoctor.co.in/uploads/2/4/8/1/24812392/3_7_orig.jpeg,
http://twitter.com/share?url=https://antarman.goadoctor.co.in/5/post/2019/05/suicide-prevention-aresh-naik.html,
https://antarman.goadoctor.co.in/interns-2019/transactional-analysis-sifti-bajwa,Transactional Analysis : Sifti Bajwa
https://antarman.goadoctor.co.in/interns-2019/transactional-analysis-sifti-bajwa#comments,0 Comments
https://antarman.goadoctor.co.in/uploads/2/4/8/1/24812392/1_4_orig.jpeg,
https://antarman.goadoctor.co.in/uploads/2/4/8/1/24812392/2_4_orig.jpeg,
https://antarman.goadoctor.co.in/uploads/2/4/8/1/24812392/3_5_orig.jpeg,
https://antarman.goadoctor.co.in/uploads/2/4/8/1/24812392/4_1_orig.jpeg,
https://antarman.goadoctor.co.in/uploads/2/4/8/1/24812392/5_1_orig.jpeg,
https://antarman.goadoctor.co.in/uploads/2/4/8/1/24812392/6_1_orig.jpeg,
http://twitter.com/share?url=https://antarman.goadoctor.co.in/5/post/2019/05/transactional-analysis-sifti-bajwa.html,
https://antarman.goadoctor.co.in/interns-2019/learning-disability-rupali-mohbe,Learning Disability : Rupali Mohbe
https://antarman.goadoctor.co.in/interns-2019/learning-disability-rupali-mohbe#comments,0 Comments
https://antarman.goadoctor.co.in/uploads/2/4/8/1/24812392/rupali-ld_orig.jpeg,
http://twitter.com/share?url=https://antarman.goadoctor.co.in/5/post/2019/05/learning-disability-rupali-mohbe.html,
https://antarman.goadoctor.co.in/interns-2019/anger-management-shobhika-jaju,Anger Management: Shobhika Jaju
https://antarman.goadoctor.co.in/interns-2019/anger-management-shobhika-jaju#comments,1 Comment
https://antarman.goadoctor.co.in/uploads/2/4/8/1/24812392/1_5_orig.jpeg,
https://antarman.goadoctor.co.in/uploads/2/4/8/1/24812392/3_6_orig.jpeg,
https://antarman.goadoctor.co.in/uploads/2/4/8/1/24812392/4_2_orig.jpeg,
https://antarman.goadoctor.co.in/uploads/2/4/8/1/24812392/5_2_orig.jpeg,
http://twitter.com/share?url=https://antarman.goadoctor.co.in/5/post/2019/05/anger-management-shobhika-jaju.html,
https://antarman.goadoctor.co.in/interns-2019/couple-counselling-dr-ravindra-agrawal,Couple Counselling : Dr Ravindra Agrawal
https://antarman.goadoctor.co.in/interns-2019/couple-counselling-dr-ravindra-agrawal#comments,0 Comments
https://antarman.goadoctor.co.in/uploads/2/4/8/1/24812392/1_orig.jpeg,
https://antarman.goadoctor.co.in/uploads/2/4/8/1/24812392/2_orig.jpeg,
https://antarman.goadoctor.co.in/uploads/2/4/8/1/24812392/3_2_orig.jpeg,
http://twitter.com/share?url=https://antarman.goadoctor.co.in/5/post/2019/05/couple-counselling-dr-ravindra-agrawal.html,
https://antarman.goadoctor.co.in/interns-2019/cbt-ocd-by-meischa-cholera,CBT & OCD by Meischa Cholera
https://antarman.goadoctor.co.in/interns-2019/cbt-ocd-by-meischa-cholera#comments,0 Comments
https://antarman.goadoctor.co.in/uploads/2/4/8/1/24812392/1_1_orig.jpeg,
https://antarman.goadoctor.co.in/uploads/2/4/8/1/24812392/2_1_orig.jpeg,
http://twitter.com/share?url=https://antarman.goadoctor.co.in/5/post/2019/05/cbt-ocd-by-meischa-cholera.html,
https://antarman.goadoctor.co.in/interns-2019/category/all,All
https://antarman.goadoctor.co.in/5/feed,RSS Feed
https://antarman.goadoctor.co.in/cdn-cgi/l/email-protection#1776796376657a76793970787657707a767e7b3974787a,
https://antarman.goadoctor.co.in/saumitranemlekar/young-people-mental-health,Young People & Mental Health
https://antarman.goadoctor.co.in/saumitranemlekar/young-people-mental-health#comments,2 Comments
http://twitter.com/share?url=http://antarman.goadoctor.co.in/2/post/2019/03/young-people-mental-health.html,
https://antarman.goadoctor.co.in/saumitranemlekar/archives/03-2019,March 2019
https://antarman.goadoctor.co.in/saumitranemlekar/category/all,All
https://antarman.goadoctor.co.in/2/feed,RSS Feed
https://antarman.goadoctor.co.in/cdn-cgi/l/email-protection#0f6e617b6e7d626e612168606e4f68626e6663216c6062,
https://antarman.goadoctor.co.in/meischacholera/obsessive-compulsive-disorder,Obsessive Compulsive Disorder
https://antarman.goadoctor.co.in/meischacholera/obsessive-compulsive-disorder#comments,1 Comment
http://twitter.com/share?url=http://antarman.goadoctor.co.in/4/post/2019/03/obsessive-compulsive-disorder.html,
https://antarman.goadoctor.co.in/meischacholera/archives/03-2019,March 2019
https://antarman.goadoctor.co.in/meischacholera/category/all,All
https://antarman.goadoctor.co.in/4/feed,RSS Feed
https://antarman.goadoctor.co.in/cdn-cgi/l/email-protection#6f0e011b0e1d020e014108000e2f08020e0603410c0002,
https://antarman.goadoctor.co.in/ravindraagrawal/notes-from-private-psychiatrists-desk-not-so-ethical-conversations,Notes from private psychiatrist's desk.. not so ethical conversations.
https://antarman.goadoctor.co.in/ravindraagrawal/notes-from-private-psychiatrists-desk-not-so-ethical-conversations#comments,2 Comments
http://twitter.com/share?url=http://antarman.goadoctor.co.in/3/post/2019/03/notes-from-private-psychiatrists-desk-not-so-ethical-conversations.html,
https://antarman.goadoctor.co.in/ravindraagrawal/midlife-crisis-in-indian-women-notes-from-the-private-psychiatrists-desk,Notes from the private psychiatrist’s desk.. Midlife crisis in Indian Women
https://antarman.goadoctor.co.in/ravindraagrawal/midlife-crisis-in-indian-women-notes-from-the-private-psychiatrists-desk#comments,1 Comment
http://twitter.com/share?url=http://antarman.goadoctor.co.in/3/post/2019/03/midlife-crisis-in-indian-women-notes-from-the-private-psychiatrists-desk.html,
https://antarman.goadoctor.co.in/ravindraagrawal/archives/03-2019,March 2019
https://antarman.goadoctor.co.in/ravindraagrawal/category/all,All
https://antarman.goadoctor.co.in/3/feed,RSS Feed
https://antarman.goadoctor.co.in/cdn-cgi/l/email-protection#4c2d22382d3e212d22622b232d0c2b212d2520622f2321,
https://antarman.goadoctor.co.in/uploads/2/4/8/1/24812392/10_orig.jpeg,
https://antarman.goadoctor.co.in/uploads/2/4/8/1/24812392/3_orig.jpeg,
https://antarman.goadoctor.co.in/uploads/2/4/8/1/24812392/3_1_orig.jpeg,
https://antarman.goadoctor.co.in/cdn-cgi/l/email-protection#e687889287948b8788c8818987a6818b878f8ac885898b,
https://antarman.goadoctor.co.in/cdn-cgi/l/email-protection#62030c1603100f030c4c050d0322050f030b0e4c010d0f,
https://antarman.goadoctor.co.in/cdn-cgi/l/email-protection#82e3ecf6e3f0efe3ecace5ede3c2e5efe3ebeeace1edef,
https://antarman.goadoctor.co.in/cdn-cgi/l/email-protection#a9c8c7ddc8dbc4c8c787cec6c8e9cec4c8c0c587cac6c4,
https://antarman.goadoctor.co.in/uploads/2/4/8/1/24812392/ravindra-agrawal_7_orig.jpg,
https://antarman.goadoctor.co.in/uploads/2/4/8/1/24812392/nitasha-001_2_orig.jpg,
https://antarman.goadoctor.co.in/uploads/2/4/8/1/24812392/samir-2_2_orig.jpeg,
https://antarman.goadoctor.co.in/uploads/2/4/8/1/24812392/sharika1_2_orig.jpeg,
https://antarman.goadoctor.co.in/uploads/2/4/8/1/24812392/shobhika_3_orig.png,
https://antarman.goadoctor.co.in/uploads/2/4/8/1/24812392/samina-khan-2_4_orig.jpg,
https://antarman.goadoctor.co.in/uploads/2/4/8/1/24812392/preetha-2_2_orig.jpeg,
https://antarman.goadoctor.co.in/uploads/2/4/8/1/24812392/elsa-1_2_orig.png,
https://antarman.goadoctor.co.in/uploads/2/4/8/1/24812392/sifti-bajwa-1_2_orig.jpeg,
https://antarman.goadoctor.co.in/uploads/2/4/8/1/24812392/meischa2_2_orig.jpeg,
https://antarman.goadoctor.co.in/uploads/2/4/8/1/24812392/tanushri-sharma-1_2_orig.jpeg,
https://antarman.goadoctor.co.in/uploads/2/4/8/1/24812392/dr-akshada-amonkar-2_2_orig.jpeg,
https://antarman.goadoctor.co.in/cdn-cgi/l/email-protection#b0d1dec4d1c2ddd1de9ed7dfd1f0d7ddd1d9dc9ed3dfdd,
https://antarman.goadoctor.co.in/cdn-cgi/l/email-protection#1e7f706a7f6c737f703079717f5e79737f7772307d7173,
https://soundcloud.com/antarman-goa/alcohol-use-disorder-part-1,Alcohol use disorder-1
https://antarman.goadoctor.co.in/uploads/2/4/8/1/24812392/intro_anxiety_1_aemerge1495700787953.m4a.mp3,anxiety disorder - 1
https://soundcloud.com/antarman-goa/anxiety-part-2,Anxiety disorder -2
https://antarman.goadoctor.co.in/cdn-cgi/l/email-protection#96f7f8e2f7e4fbf7f8b8f1f9f7d6f1fbf7fffab8f5f9fb,
https://antarman.goadoctor.co.in/cdn-cgi/l/email-protection#7918170d180b141817571e1618391e14181015571a1614,
https://www.cloudflare.com/sign-up?utm_source=email_protection,sign up for Cloudflare
https://support.cloudflare.com/hc/en-us/articles/200170016-What-is-Email-Address-Obfuscation-,How does Cloudflare protect email addresses on website from spammers?
https://support.cloudflare.com/hc/en-us/categories/200275218-Getting-Started,Can I sign up for Cloudflare?
https://www.cloudflare.com/5xx-error-landing,Cloudflare
https://antarman.goadoctor.co.in/cdn-cgi/l/email-protection#65040b11041708040b4b020a04250208040c094b060a08,
https://antarman.goadoctor.co.in/home-visit.html,HOME VISITSClick to see details of requesting home visits.
https://antarman.goadoctor.co.in/uploads/2/4/8/1/24812392/edited/screen-shot-2020-12-22-at-3-15-05-pm.png,
https://antarman.goadoctor.co.in/cdn-cgi/l/email-protection#9bfaf5effae9f6faf5b5fcf4fadbfcf6faf2f7b5f8f4f6,
https://antarman.goadoctor.co.in/cdn-cgi/l/email-protection#7819160c190a151916561f1719381f15191114561b1715,
https://antarman.goadoctor.co.in/uploads/2/4/8/1/24812392/edited/nitasha-001.jpg,
https://antarman.goadoctor.co.in/cdn-cgi/l/email-protection#ccada2b8adbea1ada2e2aba3ad8caba1ada5a0e2afa3a1,
https://antarman.goadoctor.co.in/cdn-cgi/l/email-protection#12737c6673607f737c3c757d7352757f737b7e3c717d7f,
https://antarman.goadoctor.co.in/uploads/2/4/8/1/24812392/edited/sifti-bajwa.jpg,
https://antarman.goadoctor.co.in/cdn-cgi/l/email-protection#3c5d52485d4e515d52125b535d7c5b515d5550125f5351,
https://antarman.goadoctor.co.in/contact-us-kalpa-govekar.html,Appointment Request Form ( Dr Kalpa Govekar)
https://antarman.goadoctor.co.in/cdn-cgi/l/email-protection#c4a5aab0a5b6a9a5aaeaa3aba584a3a9a5ada8eaa7aba9,
https://antarman.goadoctor.co.in/cdn-cgi/l/email-protection#e3828d9782918e828dcd848c82a3848e828a8fcd808c8e,
https://antarman.goadoctor.co.in/cdn-cgi/l/email-protection#2948475d485b444847074e4648694e44484045074a4644,
https://antarman.goadoctor.co.in/cdn-cgi/l/email-protection#f899968c998a959996d69f9799b89f95999194d69b9795,
https://antarman.goadoctor.co.in/cdn-cgi/l/email-protection#3e5f504a5f4c535f501059515f7e59535f5752105d5153,
https://antarman.goadoctor.co.in/cdn-cgi/l/email-protection#f2939c8693809f939cdc959d93b2959f939b9edc919d9f,
https://antarman.goadoctor.co.in/cdn-cgi/l/email-protection#4829263c293a252926662f2729082f25292124662b2725,
https://antarman.goadoctor.co.in/cdn-cgi/l/email-protection#eb8a859f8a99868a85c58c848aab8c868a8287c5888486,
https://antarman.goadoctor.co.in/cdn-cgi/l/email-protection#0a6b647e6b78676b64246d656b4a6d676b636624696567,
https://antarman.goadoctor.co.in/cdn-cgi/l/email-protection#cdaca3b9acbfa0aca3e3aaa2ac8daaa0aca4a1e3aea2a0,
https://antarman.goadoctor.co.in/uploads/2/4/8/1/24812392/dr-akshada-amonkar_orig.jpg,
https://antarman.goadoctor.co.in/cdn-cgi/l/email-protection#c2a3acb6a3b0afa3aceca5ada382a5afa3abaeeca1adaf,
https://antarman.goadoctor.co.in/cdn-cgi/l/email-protection#2849465c495a454946064f4749684f45494144064b4745,
https://antarman.goadoctor.co.in/uploads/2/4/8/1/24812392/counselling_process.pdf,The Counselling Process
https://antarman.goadoctor.co.in/uploads/2/4/8/1/24812392/cbt_and_depression.pdf,CBT for Depression
https://antarman.goadoctor.co.in/uploads/2/4/8/1/24812392/motivational_enhancement_therapy.pdf,Motivational Enhancement Therapy
https://antarman.goadoctor.co.in/uploads/2/4/8/1/24812392/suicide_prevention_aresh__1_.pdf,Suicide prevention
https://antarman.goadoctor.co.in/uploads/2/4/8/1/24812392/cbt_for_anxiety_aresh.pdf,CBT for anxiety
https://antarman.goadoctor.co.in/uploads/2/4/8/1/24812392/mindfulness_aresh.pdf,MINDFULNESS
https://antarman.goadoctor.co.in/uploads/2/4/8/1/24812392/rebt_aresh.pdf,REBT
https://antarman.goadoctor.co.in/uploads/2/4/8/1/24812392/how_therapy_works_ra.pdf,HOW THERAPY WORKS..
https://antarman.goadoctor.co.in/uploads/2/4/8/1/24812392/ipt.pdf,INTERPERSONAL THERAPY
https://antarman.goadoctor.co.in/uploads/2/4/8/1/24812392/panic_ra.pdf,CBT FOR PANIC
https://antarman.goadoctor.co.in/uploads/2/4/8/1/24812392/ocd_ra.pdf,CBT FOR OCD
https://antarman.goadoctor.co.in/uploads/2/4/8/1/24812392/dbt_ra.pdf,DIALECTICAL BEHAVIOUR THERAPY
https://antarman.goadoctor.co.in/uploads/2/4/8/1/24812392/psychodrama_ra.pdf,PSYCHODRAMA
https://antarman.goadoctor.co.in/cdn-cgi/l/email-protection#fd9c93899c8f909c93d39a929cbd9a909c9491d39e9290,
https://antarman.goadoctor.co.in/uploads/2/4/8/1/24812392/marital_harmony_dr_agrawal.pdf,
https://antarman.goadoctor.co.in/csa-awareness.html,
https://antarman.goadoctor.co.in/uploads/2/4/8/1/24812392/autism_awareness_dr_agrawal.pdf,
https://antarman.goadoctor.co.in/uploads/2/4/8/1/24812392/neha_and_meisha_-_child_sexual_abuse.pdf,
https://antarman.goadoctor.co.in/aresh-naik.html,Visit Profile
https://antarman.goadoctor.co.in/vasumathi-prabhu-pereira.html,Visit profile
https://antarman.goadoctor.co.in/jim-varghese.html,VISIT PROFILE
https://antarman.goadoctor.co.in/sisira-satheesan.html,VISIT PROFILE
https://antarman.goadoctor.co.in/cdn-cgi/l/email-protection#21404f5540534c404f0f464e4061464c40484d0f424e4c,
https://maps.app.goo.gl/AgkmxDU938ZhPJ3X7,link
https://antarman.goadoctor.co.in/cdn-cgi/l/email-protection#a5c4cbd1c4d7c8c4cb8bc2cac4e5c2c8c4ccc98bc6cac8,
https://indimedo.com/,link
https://tmslife.com/,link
https://antarman.goadoctor.co.in/cdn-cgi/l/email-protection#6c0d02180d1e010d02420b030d2c0b010d0500420f0301,
https://antarman.goadoctor.co.in/cdn-cgi/l/email-protection#0c6d62786d7e616d62226b636d4c6b616d6560226f6361,
https://antarman.goadoctor.co.in/cdn-cgi/l/email-protection#e1808f9580938c808fcf868e80a1868c80888dcf828e8c,
https://www.mylareid.com/,link
https://antarman.goadoctor.co.in/cdn-cgi/l/email-protection#e889869c899a858986c68f8789a88f85898184c68b8785,
https://tplusababy.blogspot.com/,link
https://antarman.goadoctor.co.in/cdn-cgi/l/email-protection#6a0b041e0b18070b04440d050b2a0d070b030644090507,
